{
  "n_labeled": 49168,
  "M": 50000,
  "mean_cnt": 4.165310771233322,
  "min_cnt": 1,
  "max_cnt": 15,
  "label_by_cluster": {
    "easy": -0.16121115873227615,
    "hard": 0.08150529424469363,
    "mid": 0.07964902067781335
  }
}