{
  "method": "classifier",
  "base_ppl": 30.489271930184227,
  "final_ppl": 23.099630192778033,
  "improvement": 7.389641737406194,
  "n_tokens": 1280000,
  "wall_s": 192.0,
  "curve": [
    [
      0,
      30.489271930184227
    ],
    [
      155648,
      26.686512119305696
    ],
    [
      303104,
      25.909986789839966
    ],
    [
      450560,
      25.481956840456235
    ],
    [
      606208,
      25.14204853948699
    ],
    [
      753664,
      24.868312585782366
    ],
    [
      901120,
      24.637467432261115
    ],
    [
      1056768,
      24.383068349647044
    ],
    [
      1204224,
      24.241863599871166
    ],
    [
      1353728,
      24.114046884077407
    ],
    [
      1501184,
      24.00959826559052
    ],
    [
      1656832,
      23.975944652943983
    ],
    [
      1804288,
      23.855596516914954
    ],
    [
      1951744,
      23.78863157917759
    ],
    [
      2107392,
      23.74196672891148
    ],
    [
      2254848,
      23.646510379244948
    ],
    [
      2402304,
      23.572034113417143
    ],
    [
      2557952,
      23.519546838492715
    ],
    [
      2707456,
      23.448388528669824
    ],
    [
      2854912,
      23.43149689893031
    ],
    [
      3002368,
      23.394597938833982
    ],
    [
      3158016,
      23.34741400994151
    ],
    [
      3305472,
      23.313863762418872
    ],
    [
      3452928,
      23.244030569776594
    ],
    [
      3600384,
      23.176848513672315
    ],
    [
      3756032,
      23.122015141814032
    ],
    [
      3840000,
      23.099630192778033
    ]
  ]
}