{
  "method": "domain_match",
  "base_ppl": 30.489271930184227,
  "final_ppl": 22.87999009176954,
  "improvement": 7.609281838414688,
  "n_tokens": 1280000,
  "wall_s": 192.3,
  "curve": [
    [
      0,
      30.489271930184227
    ],
    [
      155648,
      26.847910786121997
    ],
    [
      303104,
      25.957489836045948
    ],
    [
      450560,
      25.371746958620637
    ],
    [
      606208,
      25.00366888889286
    ],
    [
      753664,
      24.74607605120452
    ],
    [
      901120,
      24.522770701039203
    ],
    [
      1056768,
      24.287390817151334
    ],
    [
      1204224,
      24.10255381787677
    ],
    [
      1353728,
      23.995454580628984
    ],
    [
      1501184,
      23.911362663499602
    ],
    [
      1656832,
      23.824782359724182
    ],
    [
      1804288,
      23.780845993269526
    ],
    [
      1951744,
      23.626805486245406
    ],
    [
      2107392,
      23.55677002764644
    ],
    [
      2254848,
      23.505777691691147
    ],
    [
      2402304,
      23.410077311935297
    ],
    [
      2557952,
      23.31765320465629
    ],
    [
      2707456,
      23.283946008091835
    ],
    [
      2854912,
      23.253828113526147
    ],
    [
      3002368,
      23.183961740466756
    ],
    [
      3158016,
      23.145163510688484
    ],
    [
      3305472,
      23.137023335611886
    ],
    [
      3452928,
      23.0618851449233
    ],
    [
      3600384,
      23.04450796692053
    ],
    [
      3756032,
      22.97889182717601
    ],
    [
      3840000,
      22.87999009176954
    ]
  ]
}