{
  "method": "length",
  "base_ppl": 30.489271930184227,
  "final_ppl": 25.33678928725849,
  "improvement": 5.152482642925737,
  "n_tokens": 1280000,
  "wall_s": 192.1,
  "curve": [
    [
      0,
      30.489271930184227
    ],
    [
      155648,
      28.370366333315925
    ],
    [
      303104,
      27.66347073305829
    ],
    [
      450560,
      27.26023535605727
    ],
    [
      606208,
      26.952107401463078
    ],
    [
      753664,
      26.777765189766622
    ],
    [
      901120,
      26.470317014544566
    ],
    [
      1056768,
      26.378291140168088
    ],
    [
      1204224,
      26.147442304544015
    ],
    [
      1353728,
      26.127897232336455
    ],
    [
      1501184,
      26.03428114240548
    ],
    [
      1656832,
      25.947373700160455
    ],
    [
      1804288,
      25.923661625678335
    ],
    [
      1951744,
      25.860613821448535
    ],
    [
      2107392,
      25.794673383776274
    ],
    [
      2254848,
      25.751006921358208
    ],
    [
      2402304,
      25.651989302629854
    ],
    [
      2557952,
      25.589221079661144
    ],
    [
      2707456,
      25.60951007773613
    ],
    [
      2854912,
      25.617109387923737
    ],
    [
      3002368,
      25.6559219879461
    ],
    [
      3158016,
      25.52557461831145
    ],
    [
      3305472,
      25.470452635047412
    ],
    [
      3452928,
      25.426268223526577
    ],
    [
      3600384,
      25.449058667973357
    ],
    [
      3756032,
      25.37423243607546
    ],
    [
      3840000,
      25.33678928725849
    ]
  ]
}