{
  "method": "oracle",
  "base_ppl": 30.489271930184227,
  "final_ppl": 22.761256982470737,
  "improvement": 7.72801494771349,
  "n_tokens": 1280000,
  "wall_s": 191.8,
  "curve": [
    [
      0,
      30.489271930184227
    ],
    [
      155648,
      26.593308857958075
    ],
    [
      303104,
      25.790224121439824
    ],
    [
      450560,
      25.283816811183776
    ],
    [
      606208,
      24.913266092639834
    ],
    [
      753664,
      24.599789933050598
    ],
    [
      901120,
      24.428507199856316
    ],
    [
      1056768,
      24.237649308728212
    ],
    [
      1204224,
      24.059239053819002
    ],
    [
      1353728,
      23.917993881600403
    ],
    [
      1501184,
      23.836338832336185
    ],
    [
      1656832,
      23.7040676369599
    ],
    [
      1804288,
      23.6479172470219
    ],
    [
      1951744,
      23.58657995057706
    ],
    [
      2107392,
      23.463362470104972
    ],
    [
      2254848,
      23.376552497865788
    ],
    [
      2402304,
      23.304054836347234
    ],
    [
      2557952,
      23.224650391856674
    ],
    [
      2707456,
      23.185931599492314
    ],
    [
      2854912,
      23.14637305155004
    ],
    [
      3002368,
      23.106861458250943
    ],
    [
      3158016,
      23.059612621709263
    ],
    [
      3305472,
      23.03234600950805
    ],
    [
      3452928,
      22.950926212453858
    ],
    [
      3600384,
      22.87293335125295
    ],
    [
      3756032,
      22.81557647539246
    ],
    [
      3840000,
      22.761256982470737
    ]
  ]
}