{
  "method": "ppl_top",
  "base_ppl": 30.489271930184227,
  "final_ppl": 24.020407004530067,
  "improvement": 6.4688649256541595,
  "n_tokens": 1280000,
  "wall_s": 192.1,
  "curve": [
    [
      0,
      30.489271930184227
    ],
    [
      155648,
      27.275136865713563
    ],
    [
      303104,
      26.346396000815602
    ],
    [
      450560,
      25.92154203488616
    ],
    [
      606208,
      25.589987516345296
    ],
    [
      753664,
      25.318464960845578
    ],
    [
      901120,
      25.10343233890666
    ],
    [
      1056768,
      24.99416236052942
    ],
    [
      1204224,
      24.776881675529633
    ],
    [
      1353728,
      24.75973276221062
    ],
    [
      1501184,
      24.611630980435375
    ],
    [
      1656832,
      24.581505667586505
    ],
    [
      1804288,
      24.607087978383426
    ],
    [
      1951744,
      24.495590087840096
    ],
    [
      2107392,
      24.417672705385154
    ],
    [
      2254848,
      24.30209422204548
    ],
    [
      2402304,
      24.34075814126935
    ],
    [
      2557952,
      24.263338396636687
    ],
    [
      2707456,
      24.28750991778857
    ],
    [
      2854912,
      24.321058519354036
    ],
    [
      3002368,
      24.221776612373
    ],
    [
      3158016,
      24.153990073072833
    ],
    [
      3305472,
      24.093489389958375
    ],
    [
      3452928,
      24.19200962836645
    ],
    [
      3600384,
      24.067730036887873
    ],
    [
      3756032,
      24.135238034027704
    ],
    [
      3840000,
      24.020407004530067
    ]
  ]
}