{
  "method": "ppl_corr",
  "base_ppl": 30.489271930184227,
  "final_ppl": 22.730350229391668,
  "improvement": 7.758921700792559,
  "n_tokens": 1280000,
  "wall_s": 192.0,
  "curve": [
    [
      0,
      30.489271930184227
    ],
    [
      155648,
      26.87849644165819
    ],
    [
      303104,
      25.9057259543628
    ],
    [
      450560,
      25.34294827774258
    ],
    [
      606208,
      24.968866987624672
    ],
    [
      753664,
      24.680951402247874
    ],
    [
      901120,
      24.402112032718016
    ],
    [
      1056768,
      24.24975881410788
    ],
    [
      1204224,
      24.074989074563884
    ],
    [
      1353728,
      23.975458908650186
    ],
    [
      1501184,
      23.81973735936782
    ],
    [
      1656832,
      23.72359705472729
    ],
    [
      1804288,
      23.680009885868813
    ],
    [
      1951744,
      23.53250278149674
    ],
    [
      2107392,
      23.49300879848527
    ],
    [
      2254848,
      23.32328089172348
    ],
    [
      2402304,
      23.306622660714996
    ],
    [
      2557952,
      23.173021931788423
    ],
    [
      2707456,
      23.12687478257743
    ],
    [
      2854912,
      23.135313876499612
    ],
    [
      3002368,
      23.075692502433558
    ],
    [
      3158016,
      22.969881305902987
    ],
    [
      3305472,
      22.9444847321139
    ],
    [
      3452928,
      22.91115729627858
    ],
    [
      3600384,
      22.837038570213693
    ],
    [
      3756032,
      22.78720712348224
    ],
    [
      3840000,
      22.730350229391668
    ]
  ]
}