{
  "method": "random",
  "base_ppl": 30.489271930184227,
  "final_ppl": 22.72720796770958,
  "improvement": 7.762063962474645,
  "n_tokens": 1280000,
  "wall_s": 192.2,
  "curve": [
    [
      0,
      30.489271930184227
    ],
    [
      155648,
      26.83121341206813
    ],
    [
      303104,
      25.861997874451106
    ],
    [
      450560,
      25.40828253305588
    ],
    [
      606208,
      24.95570066492062
    ],
    [
      753664,
      24.661137602454506
    ],
    [
      901120,
      24.45689266006923
    ],
    [
      1056768,
      24.213658618140517
    ],
    [
      1204224,
      24.052752274754003
    ],
    [
      1353728,
      23.93503731558547
    ],
    [
      1501184,
      23.79466852519974
    ],
    [
      1656832,
      23.70666615369017
    ],
    [
      1804288,
      23.63255903765855
    ],
    [
      1951744,
      23.486475248074644
    ],
    [
      2107392,
      23.404787325474913
    ],
    [
      2254848,
      23.325030532607062
    ],
    [
      2402304,
      23.2122788699633
    ],
    [
      2557952,
      23.146153371134428
    ],
    [
      2707456,
      23.14230131192767
    ],
    [
      2854912,
      23.07692429405702
    ],
    [
      3002368,
      23.028743401668297
    ],
    [
      3158016,
      22.965953145813895
    ],
    [
      3305472,
      22.89965321610647
    ],
    [
      3452928,
      22.848068033215966
    ],
    [
      3600384,
      22.80136516383636
    ],
    [
      3756032,
      22.718727291746504
    ],
    [
      3840000,
      22.72720796770958
    ]
  ]
}