{
  "wd": 0.0,
  "loss_clip": 0.0,
  "T": 16,
  "lr": 3e-05,
  "k": 64,
  "n_rounds": 40,
  "mean_phi": 3.476,
  "cluster_mean": {
    "easy": -0.18191576016265806,
    "mid": 0.045043729443479306,
    "hard": 0.12883296809767483
  },
  "top_cluster": "hard",
  "hard_minus_mid": 0.0838,
  "sec": 184.4
}