{
  "wd": 0.0,
  "loss_clip": 2.9,
  "T": 16,
  "lr": 3e-05,
  "k": 64,
  "n_rounds": 40,
  "mean_phi": 3.565,
  "cluster_mean": {
    "easy": -0.33718791071540044,
    "mid": 0.13801902363123097,
    "hard": 0.17425764130691543
  },
  "top_cluster": "hard",
  "hard_minus_mid": 0.0362,
  "sec": 177.2
}