{
  "wd": 0.0,
  "loss_clip": 2.6,
  "T": 16,
  "lr": 3e-05,
  "k": 64,
  "n_rounds": 40,
  "mean_phi": 3.572,
  "cluster_mean": {
    "easy": -0.14950666731456047,
    "mid": 0.0668919456019025,
    "hard": 0.06501344351343634
  },
  "top_cluster": "mid",
  "hard_minus_mid": -0.0019,
  "sec": 179.1
}