{
  "wd": 0.0,
  "loss_clip": 3.5,
  "T": 16,
  "lr": 3e-05,
  "k": 64,
  "n_rounds": 40,
  "mean_phi": 3.512,
  "cluster_mean": {
    "easy": -0.5488017656951901,
    "mid": 0.058166942530912945,
    "hard": 0.4362962496205136
  },
  "top_cluster": "hard",
  "hard_minus_mid": 0.3781,
  "sec": 177.5
}