{
  "wd": 0.0,
  "loss_clip": 0.0,
  "loss_pow": 0.7,
  "T": 16,
  "lr": 3e-05,
  "k": 64,
  "n_rounds": 40,
  "mean_phi": 3.467,
  "cluster_mean": {
    "easy": -0.2199978791941129,
    "mid": 0.04568076435805208,
    "hard": 0.1609932630843979
  },
  "top_cluster": "hard",
  "hard_minus_mid": 0.1153,
  "sec": 179.8
}