{
  "temp": 0.3,
  "k": 8,
  "T": 16,
  "n_rounds": 40,
  "mean_phi": 3.1223,
  "cluster_mean": {
    "easy": -0.02656534471335684,
    "mid": 0.0032905373654340798,
    "hard": 0.020693012916877637
  },
  "top_cluster": "hard",
  "hard_minus_mid": 0.0174,
  "spread": 0.0473
}