{
  "wd": 0.01,
  "T": 16,
  "lr": 3e-05,
  "k": 64,
  "n_rounds": 40,
  "mean_phi": 3.476,
  "cluster_mean": {
    "easy": -0.1819110671953879,
    "mid": 0.044747287189038,
    "hard": 0.12911667766622512
  },
  "top_cluster": "hard",
  "hard_minus_mid": 0.0844,
  "sec": 179.7
}