{
  "wd": 0.0,
  "T": 16,
  "lr": 3e-05,
  "k": 64,
  "n_rounds": 40,
  "mean_phi": 3.476,
  "cluster_mean": {
    "easy": -0.1819959293562717,
    "mid": 0.044988548337936404,
    "hard": 0.12897991543082948
  },
  "top_cluster": "hard",
  "hard_minus_mid": 0.084,
  "sec": 185.1
}