{
  "wd": 0.1,
  "T": 16,
  "lr": 3e-05,
  "k": 64,
  "n_rounds": 40,
  "mean_phi": 3.477,
  "cluster_mean": {
    "easy": -0.18200874922089497,
    "mid": 0.04439962080374086,
    "hard": 0.129545002588794
  },
  "top_cluster": "hard",
  "hard_minus_mid": 0.0851,
  "sec": 181.0
}