{
  "wd": 0.5,
  "T": 16,
  "lr": 3e-05,
  "k": 64,
  "n_rounds": 40,
  "mean_phi": 3.476,
  "cluster_mean": {
    "easy": -0.18244428520401018,
    "mid": 0.04433720752336932,
    "hard": 0.129997206907407
  },
  "top_cluster": "hard",
  "hard_minus_mid": 0.0857,
  "sec": 181.0
}