{
  "methods": {
    "classifier": {
      "seeds": [
        0,
        1,
        2,
        3,
        4
      ],
      "improvements": [
        7.544,
        7.5337,
        7.5444,
        7.4996,
        7.4987
      ],
      "mean": 7.524071716690235,
      "std": 0.02318362134935842,
      "n": 5
    },
    "oracle": {
      "seeds": [
        0,
        1,
        2,
        3,
        4
      ],
      "improvements": [
        7.7664,
        7.7391,
        7.7764,
        7.7471,
        7.7777
      ],
      "mean": 7.761316345486824,
      "std": 0.0174564289719709,
      "n": 5
    },
    "random": {
      "seeds": [
        0,
        1,
        2,
        3,
        4
      ],
      "improvements": [
        7.7621,
        7.7709,
        7.7572,
        7.7533,
        7.7937
      ],
      "mean": 7.767437590142407,
      "std": 0.01610009376057175,
      "n": 5
    }
  },
  "classifier_vs": {
    "classifier_minus_oracle": {
      "mean_diff": -0.2372,
      "sem": 0.0125,
      "n": 5,
      "significant": true
    },
    "classifier_minus_random": {
      "mean_diff": -0.2434,
      "sem": 0.0148,
      "n": 5,
      "significant": true
    }
  }
}