{
  "methods": {
    "classifier": {
      "seeds": [
        0,
        1,
        2,
        3,
        4
      ],
      "improvements": [
        7.4321,
        7.435,
        7.3894,
        7.3983,
        7.3868
      ],
      "mean": 7.408342317121965,
      "std": 0.02345062845880145,
      "n": 5
    },
    "oracle": {
      "seeds": [
        0,
        1,
        2,
        3,
        4
      ],
      "improvements": [
        7.753,
        7.756,
        7.7485,
        7.782,
        7.7365
      ],
      "mean": 7.755193965424387,
      "std": 0.016745011603552264,
      "n": 5
    },
    "random": {
      "seeds": [
        0,
        1,
        2,
        3,
        4
      ],
      "improvements": [
        7.7621,
        7.7709,
        7.7572,
        7.7533,
        7.7937
      ],
      "mean": 7.7674379454661135,
      "std": 0.0161001848566311,
      "n": 5
    }
  },
  "classifier_vs": {
    "classifier_minus_oracle": {
      "mean_diff": -0.3469,
      "sem": 0.012,
      "n": 5,
      "significant": true
    },
    "classifier_minus_random": {
      "mean_diff": -0.3591,
      "sem": 0.0137,
      "n": 5,
      "significant": true
    }
  }
}