{
  "methods": {
    "classifier": {
      "seeds": [
        0,
        1,
        2,
        3,
        4
      ],
      "improvements": [
        7.6157,
        7.6478,
        7.6207,
        7.6299,
        7.5853
      ],
      "mean": 7.619870521210766,
      "std": 0.022887766273362406,
      "n": 5
    },
    "oracle": {
      "seeds": [
        0,
        1,
        2,
        3,
        4
      ],
      "improvements": [
        7.7629,
        7.759,
        7.7681,
        7.7835,
        7.7643
      ],
      "mean": 7.76757212241616,
      "std": 0.00947828676156374,
      "n": 5
    },
    "random": {
      "seeds": [
        0,
        1,
        2,
        3,
        4
      ],
      "improvements": [
        7.7621,
        7.7709,
        7.7572,
        7.7533,
        7.7937
      ],
      "mean": 7.767437763374248,
      "std": 0.016100308700512246,
      "n": 5
    }
  },
  "classifier_vs": {
    "classifier_minus_oracle": {
      "mean_diff": -0.1477,
      "sem": 0.0109,
      "n": 5,
      "significant": true
    },
    "classifier_minus_random": {
      "mean_diff": -0.1476,
      "sem": 0.0158,
      "n": 5,
      "significant": true
    }
  }
}