{
  "k": 24,
  "T": 16,
  "lr": 3e-05,
  "eps": 0.05,
  "n_probe": 16,
  "spearman": 0.9823529411764707,
  "pearson": 0.9616299252842153,
  "rel_l2": 0.21725410324772024,
  "sign_agree": 0.9375
}