{
  "method": "classifier",
  "base_ppl": 30.489271930184227,
  "final_ppl": 22.873585317324025,
  "improvement": 7.615686612860202,
  "n_tokens": 1280000,
  "wall_s": 192.0,
  "curve": [
    [
      0,
      30.489271930184227
    ],
    [
      155648,
      26.922970061798832
    ],
    [
      303104,
      25.913422207947537
    ],
    [
      450560,
      25.460105519860274
    ],
    [
      606208,
      25.096142845286618
    ],
    [
      753664,
      24.78818088695041
    ],
    [
      901120,
      24.537066220284384
    ],
    [
      1056768,
      24.363598060664387
    ],
    [
      1204224,
      24.20167086357008
    ],
    [
      1353728,
      24.02022915023095
    ],
    [
      1501184,
      23.893960553893763
    ],
    [
      1656832,
      23.860651569782018
    ],
    [
      1804288,
      23.75409784362058
    ],
    [
      1951744,
      23.66612991631177
    ],
    [
      2107392,
      23.578730115809854
    ],
    [
      2254848,
      23.439157471625567
    ],
    [
      2402304,
      23.391650908817983
    ],
    [
      2557952,
      23.266083058599975
    ],
    [
      2707456,
      23.29186185567093
    ],
    [
      2854912,
      23.220871546256205
    ],
    [
      3002368,
      23.189390279921973
    ],
    [
      3158016,
      23.13644951552879
    ],
    [
      3305472,
      23.070089749937562
    ],
    [
      3452928,
      23.043905586446723
    ],
    [
      3600384,
      22.995966927235322
    ],
    [
      3756032,
      22.90232264221146
    ],
    [
      3840000,
      22.873585317324025
    ]
  ]
}