{
  "method": "domain_match",
  "base_ppl": 30.489271930184227,
  "final_ppl": 22.87999017904977,
  "improvement": 7.609281751134457,
  "n_tokens": 1280000,
  "wall_s": 192.1,
  "curve": [
    [
      0,
      30.489271930184227
    ],
    [
      155648,
      26.847911195788605
    ],
    [
      303104,
      25.957490083595857
    ],
    [
      450560,
      25.371746958620637
    ],
    [
      606208,
      25.003670081160728
    ],
    [
      753664,
      24.7460754848118
    ],
    [
      901120,
      24.522770186531005
    ],
    [
      1056768,
      24.287391095098457
    ],
    [
      1204224,
      24.10255308232521
    ],
    [
      1353728,
      23.99545490100287
    ],
    [
      1501184,
      23.91136280032152
    ],
    [
      1656832,
      23.82478322312536
    ],
    [
      1804288,
      23.780845222177348
    ],
    [
      1951744,
      23.626805711568178
    ],
    [
      2107392,
      23.556769937784487
    ],
    [
      2254848,
      23.505777108852882
    ],
    [
      2402304,
      23.41007713333058
    ],
    [
      2557952,
      23.317653382555864
    ],
    [
      2707456,
      23.283945963681234
    ],
    [
      2854912,
      23.253828379645093
    ],
    [
      3002368,
      23.183960988728508
    ],
    [
      3158016,
      23.145162848500046
    ],
    [
      3305472,
      23.13702324735114
    ],
    [
      3452928,
      23.061884793026866
    ],
    [
      3600384,
      23.044507571335345
    ],
    [
      3756032,
      22.97889191483352
    ],
    [
      3840000,
      22.87999017904977
    ]
  ]
}