{
  "method": "length",
  "base_ppl": 30.489271930184227,
  "final_ppl": 25.33678909395413,
  "improvement": 5.152482836230096,
  "n_tokens": 1280000,
  "wall_s": 192.4,
  "curve": [
    [
      0,
      30.489271930184227
    ],
    [
      155648,
      28.370366441540277
    ],
    [
      303104,
      27.663471102405474
    ],
    [
      450560,
      27.260234524140916
    ],
    [
      606208,
      26.952106835985358
    ],
    [
      753664,
      26.77776467902129
    ],
    [
      901120,
      26.470317620402042
    ],
    [
      1056768,
      26.378290133916156
    ],
    [
      1204224,
      26.14744300275606
    ],
    [
      1353728,
      26.127896983161417
    ],
    [
      1501184,
      26.03428024858938
    ],
    [
      1656832,
      25.947373898123203
    ],
    [
      1804288,
      25.92366043898731
    ],
    [
      1951744,
      25.860613180220856
    ],
    [
      2107392,
      25.794672793383054
    ],
    [
      2254848,
      25.75100701959051
    ],
    [
      2402304,
      25.651988666575132
    ],
    [
      2557952,
      25.589220689200626
    ],
    [
      2707456,
      25.609510321967445
    ],
    [
      2854912,
      25.617107580075732
    ],
    [
      3002368,
      25.655922085815682
    ],
    [
      3158016,
      25.52557286560939
    ],
    [
      3305472,
      25.470452635047412
    ],
    [
      3452928,
      25.42626817502981
    ],
    [
      3600384,
      25.44905837673199
    ],
    [
      3756032,
      25.374231758510366
    ],
    [
      3840000,
      25.33678909395413
    ]
  ]
}