{
  "method": "oracle",
  "base_ppl": 30.489271930184227,
  "final_ppl": 22.72632458153662,
  "improvement": 7.762947348647607,
  "n_tokens": 1280000,
  "wall_s": 192.1,
  "curve": [
    [
      0,
      30.489271930184227
    ],
    [
      155648,
      26.85286570003483
    ],
    [
      303104,
      25.89784334171933
    ],
    [
      450560,
      25.396756948091692
    ],
    [
      606208,
      24.94693966241486
    ],
    [
      753664,
      24.6529246903139
    ],
    [
      901120,
      24.42349661012383
    ],
    [
      1056768,
      24.231233390552394
    ],
    [
      1204224,
      24.026613762274653
    ],
    [
      1353728,
      23.922945801357173
    ],
    [
      1501184,
      23.82124681258496
    ],
    [
      1656832,
      23.70104880318342
    ],
    [
      1804288,
      23.614457826197434
    ],
    [
      1951744,
      23.525360781752752
    ],
    [
      2107392,
      23.39070207888019
    ],
    [
      2254848,
      23.29821964119157
    ],
    [
      2402304,
      23.261160447005526
    ],
    [
      2557952,
      23.170492691839453
    ],
    [
      2707456,
      23.143159506211276
    ],
    [
      2854912,
      23.09722755755165
    ],
    [
      3002368,
      23.0281167048147
    ],
    [
      3158016,
      23.02686446027766
    ],
    [
      3305472,
      22.923939924464587
    ],
    [
      3452928,
      22.85594398314574
    ],
    [
      3600384,
      22.8113096590744
    ],
    [
      3756032,
      22.783520920885984
    ],
    [
      3840000,
      22.72632458153662
    ]
  ]
}