{
  "method": "ppl_top",
  "base_ppl": 30.489271930184227,
  "final_ppl": 24.02136254723335,
  "improvement": 6.467909382950879,
  "n_tokens": 1280000,
  "wall_s": 192.0,
  "curve": [
    [
      0,
      30.489271930184227
    ],
    [
      155648,
      27.275137073806352
    ],
    [
      303104,
      26.34639564905327
    ],
    [
      450560,
      25.923068979162483
    ],
    [
      606208,
      25.590073762042586
    ],
    [
      753664,
      25.31852904326882
    ],
    [
      901120,
      25.10458744666145
    ],
    [
      1056768,
      24.993642401092504
    ],
    [
      1204224,
      24.77637526235469
    ],
    [
      1353728,
      24.756352784666216
    ],
    [
      1501184,
      24.611820067407436
    ],
    [
      1656832,
      24.5792860675179
    ],
    [
      1804288,
      24.608871874815655
    ],
    [
      1951744,
      24.495801644295476
    ],
    [
      2107392,
      24.417815824678613
    ],
    [
      2254848,
      24.302990928981494
    ],
    [
      2402304,
      24.34153755866984
    ],
    [
      2557952,
      24.26387111597098
    ],
    [
      2707456,
      24.28800494909946
    ],
    [
      2854912,
      24.323188412336233
    ],
    [
      3002368,
      24.223679177249924
    ],
    [
      3158016,
      24.15592352742719
    ],
    [
      3305472,
      24.093391322862203
    ],
    [
      3452928,
      24.192507419818757
    ],
    [
      3600384,
      24.067081262466136
    ],
    [
      3756032,
      24.133908645708107
    ],
    [
      3840000,
      24.02136254723335
    ]
  ]
}