{
  "method": "ppl_corr",
  "base_ppl": 30.489271930184227,
  "final_ppl": 22.73229368700687,
  "improvement": 7.7569782431773575,
  "n_tokens": 1280000,
  "wall_s": 192.1,
  "curve": [
    [
      0,
      30.489271930184227
    ],
    [
      155648,
      26.870383845173283
    ],
    [
      303104,
      25.902022401160785
    ],
    [
      450560,
      25.34708473904393
    ],
    [
      606208,
      24.9655330305819
    ],
    [
      753664,
      24.672957636967837
    ],
    [
      901120,
      24.399046462359088
    ],
    [
      1056768,
      24.251609364508752
    ],
    [
      1204224,
      24.071169205200707
    ],
    [
      1353728,
      23.972559235502157
    ],
    [
      1501184,
      23.813860567160777
    ],
    [
      1656832,
      23.719109666461126
    ],
    [
      1804288,
      23.68385423392039
    ],
    [
      1951744,
      23.536922677455966
    ],
    [
      2107392,
      23.494720040577512
    ],
    [
      2254848,
      23.33067993605855
    ],
    [
      2402304,
      23.308883515607967
    ],
    [
      2557952,
      23.178648488509612
    ],
    [
      2707456,
      23.126264911753207
    ],
    [
      2854912,
      23.140617327255942
    ],
    [
      3002368,
      23.072824944146053
    ],
    [
      3158016,
      22.97312188212555
    ],
    [
      3305472,
      22.948559660289753
    ],
    [
      3452928,
      22.914835827600058
    ],
    [
      3600384,
      22.832708381559673
    ],
    [
      3756032,
      22.787279228959438
    ],
    [
      3840000,
      22.73229368700687
    ]
  ]
}