{
  "method": "random",
  "base_ppl": 30.489271930184227,
  "final_ppl": 22.727208834683783,
  "improvement": 7.762063095500444,
  "n_tokens": 1280000,
  "wall_s": 192.4,
  "curve": [
    [
      0,
      30.489271930184227
    ],
    [
      155648,
      26.83121402618587
    ],
    [
      303104,
      25.861997381172646
    ],
    [
      450560,
      25.40828253305588
    ],
    [
      606208,
      24.95570061732139
    ],
    [
      753664,
      24.66113699096849
    ],
    [
      901120,
      24.456891820408476
    ],
    [
      1056768,
      24.21365907997941
    ],
    [
      1204224,
      24.052751540722277
    ],
    [
      1353728,
      23.935036950365777
    ],
    [
      1501184,
      23.794668252891366
    ],
    [
      1656832,
      23.70666543022014
    ],
    [
      1804288,
      23.632558677054313
    ],
    [
      1951744,
      23.486475785637403
    ],
    [
      2107392,
      23.404786789781845
    ],
    [
      2254848,
      23.325030577096037
    ],
    [
      2402304,
      23.212278648593752
    ],
    [
      2557952,
      23.14615094300643
    ],
    [
      2707456,
      23.142300870523307
    ],
    [
      2854912,
      23.076923589805194
    ],
    [
      3002368,
      23.02874291850604
    ],
    [
      3158016,
      22.965953364834288
    ],
    [
      3305472,
      22.899653652882694
    ],
    [
      3452928,
      22.84806646436369
    ],
    [
      3600384,
      22.801365424777277
    ],
    [
      3756032,
      22.718727031751303
    ],
    [
      3840000,
      22.727208834683783
    ]
  ]
}