{
  "n_labeled": 7839,
  "M": 50000,
  "mean_cnt": 4.082153335884679,
  "min_cnt": 1,
  "max_cnt": 18,
  "label_by_cluster": {
    "easy": 0.05416297059518341,
    "hard": -0.08490416663586357,
    "mid": 0.03806085421648202
  }
}