{
  "model": "lgbm",
  "n_train": 6272,
  "n_test": 1567,
  "H1_spearman": 0.34670926993687684,
  "H1_r2": 0.11959645006807162,
  "pred_by_cluster": {
    "easy": 0.004496490117162466,
    "hard": -0.023405004292726517,
    "mid": 0.014617180451750755
  }
}