{
  "model": "lgbm",
  "n_train": 39335,
  "n_test": 9833,
  "H1_spearman": 0.7174862775839217,
  "H1_r2": 0.5450118717064987,
  "pred_by_cluster": {
    "good": 0.7020767331123352,
    "offdomain": -0.3077901303768158,
    "corrupt": -0.7905473709106445
  }
}