{
  "model": "lgbm",
  "n_train": 39335,
  "n_test": 9833,
  "H1_spearman": 0.7602634728106844,
  "H1_r2": 0.6030750353710583,
  "pred_by_cluster": {
    "clean": 0.6061503291130066,
    "noised": -0.9510906338691711,
    "repetitive": 0.14069972932338715
  }
}