{
  "method": "classifier",
  "base_ppl": 30.232038767588076,
  "final_ppl": 22.585803617114742,
  "improvement": 7.646235150473334,
  "n_tokens": 1280000,
  "wall_s": 192.2,
  "curve": [
    [
      0,
      30.232038767588076
    ],
    [
      155648,
      26.456018703153983
    ],
    [
      303104,
      25.641763776939115
    ],
    [
      450560,
      25.12347709834837
    ],
    [
      606208,
      24.75098192328378
    ],
    [
      753664,
      24.413849919033947
    ],
    [
      901120,
      24.22445697106158
    ],
    [
      1056768,
      24.027115024639475
    ],
    [
      1204224,
      23.850364801151997
    ],
    [
      1353728,
      23.77436979158107
    ],
    [
      1501184,
      23.639060679581505
    ],
    [
      1656832,
      23.56307697879515
    ],
    [
      1804288,
      23.516448743489423
    ],
    [
      1951744,
      23.418716899606014
    ],
    [
      2107392,
      23.27131617264705
    ],
    [
      2254848,
      23.197335747877485
    ],
    [
      2402304,
      23.098137520459026
    ],
    [
      2557952,
      23.03804092469133
    ],
    [
      2707456,
      23.030090936724825
    ],
    [
      2854912,
      23.02213499772063
    ],
    [
      3002368,
      22.985310875397023
    ],
    [
      3158016,
      22.913892484178366
    ],
    [
      3305472,
      22.824747883336677
    ],
    [
      3452928,
      22.753785764249752
    ],
    [
      3600384,
      22.721797565852274
    ],
    [
      3756032,
      22.64010499367134
    ],
    [
      3840000,
      22.585803617114742
    ]
  ]
}