{
  "method": "domain_match",
  "base_ppl": 30.232038767588076,
  "final_ppl": 22.548434883504193,
  "improvement": 7.683603884083883,
  "n_tokens": 1280000,
  "wall_s": 192.3,
  "curve": [
    [
      0,
      30.232038767588076
    ],
    [
      155648,
      26.5697021374393
    ],
    [
      303104,
      25.61159472574198
    ],
    [
      450560,
      25.128970440534538
    ],
    [
      606208,
      24.702783552106506
    ],
    [
      753664,
      24.465856701595005
    ],
    [
      901120,
      24.19916980389639
    ],
    [
      1056768,
      24.05364482804106
    ],
    [
      1204224,
      23.872307445604008
    ],
    [
      1353728,
      23.71577942218289
    ],
    [
      1501184,
      23.620819733907428
    ],
    [
      1656832,
      23.500257157983484
    ],
    [
      1804288,
      23.40017796199547
    ],
    [
      1951744,
      23.351282884670045
    ],
    [
      2107392,
      23.25390431237517
    ],
    [
      2254848,
      23.16661333972984
    ],
    [
      2402304,
      23.076220229020496
    ],
    [
      2557952,
      22.986940810089585
    ],
    [
      2707456,
      22.99896451789222
    ],
    [
      2854912,
      22.944632301868154
    ],
    [
      3002368,
      22.88162556363419
    ],
    [
      3158016,
      22.804032135957822
    ],
    [
      3305472,
      22.78925828522697
    ],
    [
      3452928,
      22.733926840154957
    ],
    [
      3600384,
      22.610389121843944
    ],
    [
      3756032,
      22.566538766421193
    ],
    [
      3840000,
      22.548434883504193
    ]
  ]
}