{
  "method": "length",
  "base_ppl": 30.232038767588076,
  "final_ppl": 27.345924080421042,
  "improvement": 2.8861146871670336,
  "n_tokens": 1280000,
  "wall_s": 192.1,
  "curve": [
    [
      0,
      30.232038767588076
    ],
    [
      155648,
      29.678862468114062
    ],
    [
      303104,
      29.275351503604078
    ],
    [
      450560,
      28.65111526021025
    ],
    [
      606208,
      28.38671465161612
    ],
    [
      753664,
      28.233480940897017
    ],
    [
      901120,
      28.143241626363125
    ],
    [
      1056768,
      28.040747816980698
    ],
    [
      1204224,
      27.93172628219065
    ],
    [
      1353728,
      27.7236644761628
    ],
    [
      1501184,
      27.832693243162353
    ],
    [
      1656832,
      27.746532092180523
    ],
    [
      1804288,
      27.73367130067189
    ],
    [
      1951744,
      27.560789716760013
    ],
    [
      2107392,
      27.593914747466204
    ],
    [
      2254848,
      27.50486021930646
    ],
    [
      2402304,
      27.45650596426538
    ],
    [
      2557952,
      27.396257171830914
    ],
    [
      2707456,
      27.4492744781698
    ],
    [
      2854912,
      27.52359398937391
    ],
    [
      3002368,
      27.450274326233657
    ],
    [
      3158016,
      27.41060434313198
    ],
    [
      3305472,
      27.408631464198297
    ],
    [
      3452928,
      27.4227684162449
    ],
    [
      3600384,
      27.47436141868356
    ],
    [
      3756032,
      27.330214212447736
    ],
    [
      3840000,
      27.345924080421042
    ]
  ]
}