{
  "method": "oracle",
  "base_ppl": 30.232038767588076,
  "final_ppl": 22.552860425725996,
  "improvement": 7.67917834186208,
  "n_tokens": 1280000,
  "wall_s": 192.6,
  "curve": [
    [
      0,
      30.232038767588076
    ],
    [
      155648,
      26.509152716773016
    ],
    [
      303104,
      25.644941952719726
    ],
    [
      450560,
      25.12435753378233
    ],
    [
      606208,
      24.724127782526747
    ],
    [
      753664,
      24.441033813164523
    ],
    [
      901120,
      24.191718193482462
    ],
    [
      1056768,
      23.993829195904674
    ],
    [
      1204224,
      23.848733551088827
    ],
    [
      1353728,
      23.715975332569776
    ],
    [
      1501184,
      23.655059365955992
    ],
    [
      1656832,
      23.558891449197002
    ],
    [
      1804288,
      23.43871796471963
    ],
    [
      1951744,
      23.34263727595721
    ],
    [
      2107392,
      23.240836003083437
    ],
    [
      2254848,
      23.132736511493725
    ],
    [
      2402304,
      23.07859977000459
    ],
    [
      2557952,
      22.98982198711391
    ],
    [
      2707456,
      22.953828137013936
    ],
    [
      2854912,
      22.92726637749316
    ],
    [
      3002368,
      22.90075020586374
    ],
    [
      3158016,
      22.80567740274111
    ],
    [
      3305472,
      22.748685300459684
    ],
    [
      3452928,
      22.68775967543436
    ],
    [
      3600384,
      22.6220484956953
    ],
    [
      3756032,
      22.55603730739627
    ],
    [
      3840000,
      22.552860425725996
    ]
  ]
}