{
  "method": "ppl_corr",
  "base_ppl": 30.232038767588076,
  "final_ppl": 22.456138075010827,
  "improvement": 7.775900692577249,
  "n_tokens": 1280000,
  "wall_s": 192.1,
  "curve": [
    [
      0,
      30.232038767588076
    ],
    [
      155648,
      26.52652115887333
    ],
    [
      303104,
      25.68044572362864
    ],
    [
      450560,
      25.13266369586676
    ],
    [
      606208,
      24.686165529006264
    ],
    [
      753664,
      24.399986630803177
    ],
    [
      901120,
      24.20839755170984
    ],
    [
      1056768,
      24.023708635430886
    ],
    [
      1204224,
      23.80759660816831
    ],
    [
      1353728,
      23.672432824943037
    ],
    [
      1501184,
      23.536454850930077
    ],
    [
      1656832,
      23.489079122418396
    ],
    [
      1804288,
      23.38957689060995
    ],
    [
      1951744,
      23.277561793518245
    ],
    [
      2107392,
      23.156145420270363
    ],
    [
      2254848,
      23.126691060938047
    ],
    [
      2402304,
      23.024696307039097
    ],
    [
      2557952,
      22.903180499410738
    ],
    [
      2707456,
      22.922899230737684
    ],
    [
      2854912,
      22.86210655636721
    ],
    [
      3002368,
      22.77951879018801
    ],
    [
      3158016,
      22.762373174841255
    ],
    [
      3305472,
      22.677187402259424
    ],
    [
      3452928,
      22.631278210402165
    ],
    [
      3600384,
      22.573264561595188
    ],
    [
      3756032,
      22.52659139549234
    ],
    [
      3840000,
      22.456138075010827
    ]
  ]
}