{
  "method": "ppl_top",
  "base_ppl": 30.232038767588076,
  "final_ppl": 84.11521784373805,
  "improvement": -53.88317907614997,
  "n_tokens": 1280000,
  "wall_s": 192.5,
  "curve": [
    [
      0,
      30.232038767588076
    ],
    [
      155648,
      34.303598765192724
    ],
    [
      303104,
      35.273379754013014
    ],
    [
      450560,
      36.404029327987985
    ],
    [
      606208,
      37.06873201185342
    ],
    [
      753664,
      36.237690129032316
    ],
    [
      901120,
      38.589821213223374
    ],
    [
      1056768,
      39.3759944616922
    ],
    [
      1204224,
      37.694902954873164
    ],
    [
      1353728,
      41.254596977349934
    ],
    [
      1501184,
      39.47545260353554
    ],
    [
      1656832,
      40.2914674575601
    ],
    [
      1804288,
      42.51270006905711
    ],
    [
      1951744,
      46.12068346946633
    ],
    [
      2107392,
      45.84913176990461
    ],
    [
      2254848,
      46.83244450881186
    ],
    [
      2402304,
      48.31194961504001
    ],
    [
      2557952,
      53.23297868594472
    ],
    [
      2707456,
      54.464309634511956
    ],
    [
      2854912,
      60.4302490625558
    ],
    [
      3002368,
      59.05195830127442
    ],
    [
      3158016,
      71.26011030280928
    ],
    [
      3305472,
      66.41725139383823
    ],
    [
      3452928,
      72.09263608251223
    ],
    [
      3600384,
      75.83703671728487
    ],
    [
      3756032,
      68.37874917823858
    ],
    [
      3840000,
      84.11521784373805
    ]
  ]
}