{
  "method": "random",
  "base_ppl": 30.232038767588076,
  "final_ppl": 23.670643083876936,
  "improvement": 6.56139568371114,
  "n_tokens": 1280000,
  "wall_s": 192.1,
  "curve": [
    [
      0,
      30.232038767588076
    ],
    [
      155648,
      28.196653117518
    ],
    [
      303104,
      26.849395766223584
    ],
    [
      450560,
      26.256911528818097
    ],
    [
      606208,
      25.88348433670257
    ],
    [
      753664,
      25.63004839376875
    ],
    [
      901120,
      25.3763147274777
    ],
    [
      1056768,
      25.172190026501703
    ],
    [
      1204224,
      24.96003033246023
    ],
    [
      1353728,
      24.884100631365204
    ],
    [
      1501184,
      24.81978442512112
    ],
    [
      1656832,
      24.756826254063004
    ],
    [
      1804288,
      24.59570191274818
    ],
    [
      1951744,
      24.493388943853823
    ],
    [
      2107392,
      24.36081016706655
    ],
    [
      2254848,
      24.28801995862864
    ],
    [
      2402304,
      24.19742008358825
    ],
    [
      2557952,
      24.149668579437883
    ],
    [
      2707456,
      24.110294258295482
    ],
    [
      2854912,
      24.07671942556105
    ],
    [
      3002368,
      24.02618354104026
    ],
    [
      3158016,
      23.951108585740837
    ],
    [
      3305472,
      23.88923776520274
    ],
    [
      3452928,
      23.845874674662866
    ],
    [
      3600384,
      23.76285079630187
    ],
    [
      3756032,
      23.731254721486735
    ],
    [
      3840000,
      23.670643083876936
    ]
  ]
}