{
  "n_labeled": 49168,
  "M": 50000,
  "mean_cnt": 4.165310771233322,
  "min_cnt": 1,
  "max_cnt": 15,
  "label_by_cluster": {
    "good": 0.7090576945546687,
    "offdomain": -0.3129583060654142,
    "corrupt": -0.7948849005913223
  }
}