{
  "model": "lgbm",
  "n_train": 39335,
  "n_test": 9833,
  "H1_spearman": 0.028920760839351082,
  "H1_r2": 0.0799112205635395,
  "pred_by_cluster": {
    "easy": -0.16767564415931702,
    "hard": 0.08271754533052444,
    "mid": 0.07156232744455338
  }
}