{
  "model": "lgbm",
  "n_train": 39335,
  "n_test": 9833,
  "H1_spearman": 0.36763495129428175,
  "H1_r2": 0.14840241907315443,
  "pred_by_cluster": {
    "easy": -0.15611545741558075,
    "hard": 0.1502857208251953,
    "mid": 0.004743549041450024
  }
}