{
  "n_labeled": 49168,
  "M": 50000,
  "mean_cnt": 4.165310771233322,
  "min_cnt": 1,
  "max_cnt": 15,
  "label_by_cluster": {
    "easy": -0.1939964389592127,
    "hard": 0.19414440933745983,
    "mid": -0.002638919042804523
  }
}