{
  "n_labeled": 7839,
  "M": 50000,
  "mean_cnt": 4.082153335884679,
  "min_cnt": 1,
  "max_cnt": 18,
  "label_by_cluster": {
    "easy": -0.17242150099466283,
    "hard": 0.1422292836387101,
    "mid": 0.03792174836864307
  }
}