{
  "method": "xfer_v1_to_hard",
  "base_ppl": 30.232038767588076,
  "final_ppl": 22.655471024452062,
  "improvement": 7.576567743136014,
  "n_tokens": 1280000,
  "wall_s": 192.2,
  "curve": [
    [
      0,
      30.232038767588076
    ],
    [
      155648,
      26.46093298673838
    ],
    [
      303104,
      25.64785806845876
    ],
    [
      450560,
      25.1339422494927
    ],
    [
      606208,
      24.758755687085987
    ],
    [
      753664,
      24.427913976328036
    ],
    [
      901120,
      24.242657652646923
    ],
    [
      1056768,
      24.041578641153187
    ],
    [
      1204224,
      23.846870578011693
    ],
    [
      1353728,
      23.740041458314984
    ],
    [
      1501184,
      23.621862331588
    ],
    [
      1656832,
      23.569941584010195
    ],
    [
      1804288,
      23.47202579689707
    ],
    [
      1951744,
      23.376409507039043
    ],
    [
      2107392,
      23.322112016655
    ],
    [
      2254848,
      23.212821453051628
    ],
    [
      2402304,
      23.163432682326132
    ],
    [
      2557952,
      23.040454278492817
    ],
    [
      2707456,
      23.06980404214872
    ],
    [
      2854912,
      23.03330991346586
    ],
    [
      3002368,
      22.91422608520398
    ],
    [
      3158016,
      22.935486565212994
    ],
    [
      3305472,
      22.925331962256166
    ],
    [
      3452928,
      22.842874458576457
    ],
    [
      3600384,
      22.758713388471662
    ],
    [
      3756032,
      22.66201640926357
    ],
    [
      3840000,
      22.655471024452062
    ]
  ]
}