{
  "n_labeled": 49168,
  "M": 50000,
  "mean_cnt": 4.165310771233322,
  "min_cnt": 1,
  "max_cnt": 15,
  "label_by_cluster": {
    "clean": 0.609094301745939,
    "noised": -0.9531681591625082,
    "repetitive": 0.14122516958522371
  }
}