{
  "model": "lgbm",
  "n_train": 6272,
  "n_test": 1567,
  "H1_spearman": 0.4370098111496284,
  "H1_r2": 0.18883876700224356,
  "pred_by_cluster": {
    "easy": -0.1416151225566864,
    "hard": 0.10529175400733948,
    "mid": 0.023248817771673203
  }
}