{
  "method": "lossweight_t0.3",
  "mode": "lossweight",
  "temp": 0.3,
  "steps": 471,
  "base_ppl": 30.232038767588076,
  "final_ppl": 25.060268525238957,
  "improvement": 5.171770242349119,
  "wall_s": 116.2,
  "curve": [
    [
      0,
      30.232038767588076
    ],
    [
      120,
      26.083433442592142
    ],
    [
      240,
      25.745020849965417
    ],
    [
      360,
      25.438715440340285
    ],
    [
      471,
      25.060268525238957
    ]
  ]
}