{
  "method": "lossweight_smax_t0.6",
  "mode": "lossweight",
  "temp": 0.6,
  "steps": 471,
  "base_ppl": 30.232038767588076,
  "final_ppl": 23.597016826516608,
  "improvement": 6.635021941071468,
  "wall_s": 116.1,
  "curve": [
    [
      0,
      30.232038767588076
    ],
    [
      120,
      25.139135654954384
    ],
    [
      240,
      24.477525386255394
    ],
    [
      360,
      23.983955685493026
    ],
    [
      471,
      23.597016826516608
    ]
  ]
}