{
  "method": "lossweight_relu",
  "mode": "lossweight",
  "temp": 1.0,
  "steps": 471,
  "base_ppl": 30.232038767588076,
  "final_ppl": 23.60955296496395,
  "improvement": 6.6224858026241264,
  "wall_s": 116.0,
  "curve": [
    [
      0,
      30.232038767588076
    ],
    [
      120,
      25.12106702045835
    ],
    [
      240,
      24.500524856213335
    ],
    [
      360,
      24.005558553505043
    ],
    [
      471,
      23.60955296496395
    ]
  ]
}