{
  "method": "sample_t0.1",
  "mode": "sample",
  "temp": 0.1,
  "steps": 471,
  "base_ppl": 30.232038767588076,
  "final_ppl": 119.05503770448483,
  "improvement": -88.82299893689675,
  "wall_s": 114.7,
  "curve": [
    [
      0,
      30.232038767588076
    ],
    [
      120,
      63.04690318527542
    ],
    [
      240,
      76.49250632825307
    ],
    [
      360,
      86.74892115386137
    ],
    [
      471,
      119.05503770448483
    ]
  ]
}