{
  "method": "sample_t0.2",
  "mode": "sample",
  "temp": 0.2,
  "steps": 471,
  "base_ppl": 30.232038767588076,
  "final_ppl": 46.259926842637256,
  "improvement": -16.02788807504918,
  "wall_s": 114.5,
  "curve": [
    [
      0,
      30.232038767588076
    ],
    [
      120,
      37.83894341703833
    ],
    [
      240,
      42.47414761206544
    ],
    [
      360,
      45.986173819393976
    ],
    [
      471,
      46.259926842637256
    ]
  ]
}