{
  "method": "sample_t0.3",
  "mode": "sample",
  "temp": 0.3,
  "steps": 471,
  "base_ppl": 30.232038767588076,
  "final_ppl": 30.462535413609256,
  "improvement": -0.23049664602118014,
  "wall_s": 114.5,
  "curve": [
    [
      0,
      30.232038767588076
    ],
    [
      120,
      29.751973951744166
    ],
    [
      240,
      31.067597818521005
    ],
    [
      360,
      31.011235641171808
    ],
    [
      471,
      30.462535413609256
    ]
  ]
}