{
  "method": "sample_relu",
  "mode": "sample",
  "temp": 1.0,
  "steps": 471,
  "base_ppl": 30.232038767588076,
  "final_ppl": 22.499229964474832,
  "improvement": 7.732808803113244,
  "wall_s": 114.3,
  "curve": [
    [
      0,
      30.232038767588076
    ],
    [
      120,
      24.202554124717402
    ],
    [
      240,
      23.38300119188106
    ],
    [
      360,
      22.807220994907084
    ],
    [
      471,
      22.499229964474832
    ]
  ]
}