{
  "method": "sample_t0.6",
  "mode": "sample",
  "temp": 0.6,
  "steps": 471,
  "base_ppl": 30.232038767588076,
  "final_ppl": 23.24109333073521,
  "improvement": 6.990945436852865,
  "wall_s": 114.2,
  "curve": [
    [
      0,
      30.232038767588076
    ],
    [
      120,
      24.67914910068164
    ],
    [
      240,
      23.993762333921165
    ],
    [
      360,
      23.53720070217338
    ],
    [
      471,
      23.24109333073521
    ]
  ]
}