{
  "method": "uniform_full",
  "mode": "lossweight",
  "temp": 1.0,
  "steps": 471,
  "base_ppl": 30.232038767588076,
  "final_ppl": 23.389840147960804,
  "improvement": 6.842198619627272,
  "wall_s": 116.1,
  "curve": [
    [
      0,
      30.232038767588076
    ],
    [
      120,
      25.275500177393294
    ],
    [
      240,
      24.407937393594533
    ],
    [
      360,
      23.80183707882264
    ],
    [
      471,
      23.389840147960804
    ]
  ]
}